	Assembled_Reads	N_Predicted_Genes	Percent_Assembled_Reads	contig_bp	L50	L90	N50	N90	max	gap_pct	gc_avg	gc_std	n_contigs	n_scaffolds
BSEL1	1850956	451693.0	49.817	475006892.0	1691.0	654.0	62061.0	251001.0	301539.0	0.0	0.47547	0.12907000000000002	333483.0	333483.0
BSEL2	1850956	236967.0	49.817	254592672.0	4431.0	841.0	8751.0	68079.0	807746.0	0.0	0.50355	0.08886000000000001	107168.0	107168.0
BSEL3	1850956	281238.0	49.817	300349015.0	7434.0	1042.0	6166.0	56272.0	479946.0	0.0	0.5163	0.0879	97313.0	97313.0
